date_key,date,year,quarter,month,day,day_of_week
1,2014-01-03,2014,1,1,3,Friday
2,2014-01-04,2014,1,1,4,Saturday
3,2014-01-05,2014,1,1,5,Sunday
4,2014-01-06,2014,1,1,6,Monday
5,2014-01-07,2014,1,1,7,Tuesday
6,2014-01-08,2014,1,1,8,Wednesday
7,2014-01-09,2014,1,1,9,Thursday
8,2014-01-10,2014,1,1,10,Friday
9,2014-01-11,2014,1,1,11,Saturday
10,2014-01-12,2014,1,1,12,Sunday
11,2014-01-13,2014,1,1,13,Monday
12,2014-01-14,2014,1,1,14,Tuesday
13,2014-01-15,2014,1,1,15,Wednesday
14,2014-01-16,2014,1,1,16,Thursday
15,2014-01-17,2014,1,1,17,Friday
16,2014-01-18,2014,1,1,18,Saturday
17,2014-01-19,2014,1,1,19,Sunday
18,2014-01-20,2014,1,1,20,Monday
19,2014-01-21,2014,1,1,21,Tuesday
20,2014-01-23,2014,1,1,23,Thursday
21,2014-01-25,2014,1,1,25,Saturday
22,2014-01-26,2014,1,1,26,Sunday
23,2014-01-27,2014,1,1,27,Monday
24,2014-01-28,2014,1,1,28,Tuesday
25,2014-01-29,2014,1,1,29,Wednesday
26,2014-01-30,2014,1,1,30,Thursday
27,2014-01-31,2014,1,1,31,Friday
28,2014-02-01,2014,1,2,1,Saturday
29,2014-02-02,2014,1,2,2,Sunday
30,2014-02-03,2014,1,2,3,Monday
31,2014-02-04,2014,1,2,4,Tuesday
32,2014-02-06,2014,1,2,6,Thursday
33,2014-02-07,2014,1,2,7,Friday
34,2014-02-08,2014,1,2,8,Saturday
35,2014-02-09,2014,1,2,9,Sunday
36,2014-02-10,2014,1,2,10,Monday
37,2014-02-11,2014,1,2,11,Tuesday
38,2014-02-12,2014,1,2,12,Wednesday
39,2014-02-14,2014,1,2,14,Friday
40,2014-02-15,2014,1,2,15,Saturday
41,2014-02-16,2014,1,2,16,Sunday
42,2014-02-17,2014,1,2,17,Monday
43,2014-02-18,2014,1,2,18,Tuesday
44,2014-02-19,2014,1,2,19,Wednesday
45,2014-02-20,2014,1,2,20,Thursday
46,2014-02-21,2014,1,2,21,Friday
47,2014-02-22,2014,1,2,22,Saturday
48,2014-02-23,2014,1,2,23,Sunday
49,2014-02-24,2014,1,2,24,Monday
50,2014-02-25,2014,1,2,25,Tuesday
51,2014-02-26,2014,1,2,26,Wednesday
52,2014-02-27,2014,1,2,27,Thursday
53,2014-03-01,2014,1,3,1,Saturday
54,2014-03-02,2014,1,3,2,Sunday
55,2014-03-03,2014,1,3,3,Monday
56,2014-03-04,2014,1,3,4,Tuesday
57,2014-03-05,2014,1,3,5,Wednesday
58,2014-03-06,2014,1,3,6,Thursday
59,2014-03-07,2014,1,3,7,Friday
60,2014-03-08,2014,1,3,8,Saturday
61,2014-03-09,2014,1,3,9,Sunday
62,2014-03-10,2014,1,3,10,Monday
63,2014-03-11,2014,1,3,11,Tuesday
64,2014-03-12,2014,1,3,12,Wednesday
65,2014-03-13,2014,1,3,13,Thursday
66,2014-03-14,2014,1,3,14,Friday
67,2014-03-15,2014,1,3,15,Saturday
68,2014-03-16,2014,1,3,16,Sunday
69,2014-03-17,2014,1,3,17,Monday
70,2014-03-18,2014,1,3,18,Tuesday
71,2014-03-19,2014,1,3,19,Wednesday
72,2014-03-20,2014,1,3,20,Thursday
73,2014-03-21,2014,1,3,21,Friday
74,2014-03-22,2014,1,3,22,Saturday
75,2014-03-23,2014,1,3,23,Sunday
76,2014-03-24,2014,1,3,24,Monday
77,2014-03-25,2014,1,3,25,Tuesday
78,2014-03-26,2014,1,3,26,Wednesday
79,2014-03-28,2014,1,3,28,Friday
80,2014-03-29,2014,1,3,29,Saturday
81,2014-03-30,2014,1,3,30,Sunday
82,2014-03-31,2014,1,3,31,Monday
83,2014-04-01,2014,2,4,1,Tuesday
84,2014-04-02,2014,2,4,2,Wednesday
85,2014-04-03,2014,2,4,3,Thursday
86,2014-04-04,2014,2,4,4,Friday
87,2014-04-05,2014,2,4,5,Saturday
88,2014-04-06,2014,2,4,6,Sunday
89,2014-04-07,2014,2,4,7,Monday
90,2014-04-08,2014,2,4,8,Tuesday
91,2014-04-09,2014,2,4,9,Wednesday
92,2014-04-10,2014,2,4,10,Thursday
93,2014-04-11,2014,2,4,11,Friday
94,2014-04-12,2014,2,4,12,Saturday
95,2014-04-13,2014,2,4,13,Sunday
96,2014-04-15,2014,2,4,15,Tuesday
97,2014-04-16,2014,2,4,16,Wednesday
98,2014-04-17,2014,2,4,17,Thursday
99,2014-04-18,2014,2,4,18,Friday
100,2014-04-19,2014,2,4,19,Saturday
101,2014-04-20,2014,2,4,20,Sunday
102,2014-04-21,2014,2,4,21,Monday
103,2014-04-22,2014,2,4,22,Tuesday
104,2014-04-23,2014,2,4,23,Wednesday
105,2014-04-24,2014,2,4,24,Thursday
106,2014-04-25,2014,2,4,25,Friday
107,2014-04-26,2014,2,4,26,Saturday
108,2014-04-27,2014,2,4,27,Sunday
109,2014-04-28,2014,2,4,28,Monday
110,2014-04-29,2014,2,4,29,Tuesday
111,2014-04-30,2014,2,4,30,Wednesday
112,2014-05-01,2014,2,5,1,Thursday
113,2014-05-02,2014,2,5,2,Friday
114,2014-05-03,2014,2,5,3,Saturday
115,2014-05-04,2014,2,5,4,Sunday
116,2014-05-05,2014,2,5,5,Monday
117,2014-05-06,2014,2,5,6,Tuesday
118,2014-05-07,2014,2,5,7,Wednesday
119,2014-05-08,2014,2,5,8,Thursday
120,2014-05-09,2014,2,5,9,Friday
121,2014-05-10,2014,2,5,10,Saturday
122,2014-05-11,2014,2,5,11,Sunday
123,2014-05-12,2014,2,5,12,Monday
124,2014-05-13,2014,2,5,13,Tuesday
125,2014-05-14,2014,2,5,14,Wednesday
126,2014-05-15,2014,2,5,15,Thursday
127,2014-05-16,2014,2,5,16,Friday
128,2014-05-17,2014,2,5,17,Saturday
129,2014-05-18,2014,2,5,18,Sunday
130,2014-05-19,2014,2,5,19,Monday
131,2014-05-20,2014,2,5,20,Tuesday
132,2014-05-21,2014,2,5,21,Wednesday
133,2014-05-22,2014,2,5,22,Thursday
134,2014-05-23,2014,2,5,23,Friday
135,2014-05-24,2014,2,5,24,Saturday
136,2014-05-25,2014,2,5,25,Sunday
137,2014-05-26,2014,2,5,26,Monday
138,2014-05-27,2014,2,5,27,Tuesday
139,2014-05-28,2014,2,5,28,Wednesday
140,2014-05-29,2014,2,5,29,Thursday
141,2014-05-30,2014,2,5,30,Friday
142,2014-05-31,2014,2,5,31,Saturday
143,2014-06-01,2014,2,6,1,Sunday
144,2014-06-02,2014,2,6,2,Monday
145,2014-06-03,2014,2,6,3,Tuesday
146,2014-06-04,2014,2,6,4,Wednesday
147,2014-06-05,2014,2,6,5,Thursday
148,2014-06-06,2014,2,6,6,Friday
149,2014-06-07,2014,2,6,7,Saturday
150,2014-06-08,2014,2,6,8,Sunday
151,2014-06-09,2014,2,6,9,Monday
152,2014-06-10,2014,2,6,10,Tuesday
153,2014-06-11,2014,2,6,11,Wednesday
154,2014-06-12,2014,2,6,12,Thursday
155,2014-06-13,2014,2,6,13,Friday
156,2014-06-14,2014,2,6,14,Saturday
157,2014-06-15,2014,2,6,15,Sunday
158,2014-06-16,2014,2,6,16,Monday
159,2014-06-17,2014,2,6,17,Tuesday
160,2014-06-18,2014,2,6,18,Wednesday
161,2014-06-20,2014,2,6,20,Friday
162,2014-06-21,2014,2,6,21,Saturday
163,2014-06-22,2014,2,6,22,Sunday
164,2014-06-23,2014,2,6,23,Monday
165,2014-06-24,2014,2,6,24,Tuesday
166,2014-06-25,2014,2,6,25,Wednesday
167,2014-06-26,2014,2,6,26,Thursday
168,2014-06-27,2014,2,6,27,Friday
169,2014-06-28,2014,2,6,28,Saturday
170,2014-06-29,2014,2,6,29,Sunday
171,2014-06-30,2014,2,6,30,Monday
172,2014-07-01,2014,3,7,1,Tuesday
173,2014-07-02,2014,3,7,2,Wednesday
174,2014-07-03,2014,3,7,3,Thursday
175,2014-07-04,2014,3,7,4,Friday
176,2014-07-05,2014,3,7,5,Saturday
177,2014-07-06,2014,3,7,6,Sunday
178,2014-07-07,2014,3,7,7,Monday
179,2014-07-08,2014,3,7,8,Tuesday
180,2014-07-09,2014,3,7,9,Wednesday
181,2014-07-10,2014,3,7,10,Thursday
182,2014-07-11,2014,3,7,11,Friday
183,2014-07-12,2014,3,7,12,Saturday
184,2014-07-13,2014,3,7,13,Sunday
185,2014-07-14,2014,3,7,14,Monday
186,2014-07-15,2014,3,7,15,Tuesday
187,2014-07-16,2014,3,7,16,Wednesday
188,2014-07-17,2014,3,7,17,Thursday
189,2014-07-18,2014,3,7,18,Friday
190,2014-07-19,2014,3,7,19,Saturday
191,2014-07-20,2014,3,7,20,Sunday
192,2014-07-21,2014,3,7,21,Monday
193,2014-07-22,2014,3,7,22,Tuesday
194,2014-07-23,2014,3,7,23,Wednesday
195,2014-07-24,2014,3,7,24,Thursday
196,2014-07-25,2014,3,7,25,Friday
197,2014-07-26,2014,3,7,26,Saturday
198,2014-07-27,2014,3,7,27,Sunday
199,2014-07-28,2014,3,7,28,Monday
200,2014-07-29,2014,3,7,29,Tuesday
201,2014-07-30,2014,3,7,30,Wednesday
202,2014-08-01,2014,3,8,1,Friday
203,2014-08-02,2014,3,8,2,Saturday
204,2014-08-03,2014,3,8,3,Sunday
205,2014-08-04,2014,3,8,4,Monday
206,2014-08-05,2014,3,8,5,Tuesday
207,2014-08-06,2014,3,8,6,Wednesday
208,2014-08-07,2014,3,8,7,Thursday
209,2014-08-08,2014,3,8,8,Friday
210,2014-08-09,2014,3,8,9,Saturday
211,2014-08-10,2014,3,8,10,Sunday
212,2014-08-11,2014,3,8,11,Monday
213,2014-08-12,2014,3,8,12,Tuesday
214,2014-08-13,2014,3,8,13,Wednesday
215,2014-08-14,2014,3,8,14,Thursday
216,2014-08-15,2014,3,8,15,Friday
217,2014-08-16,2014,3,8,16,Saturday
218,2014-08-17,2014,3,8,17,Sunday
219,2014-08-18,2014,3,8,18,Monday
220,2014-08-19,2014,3,8,19,Tuesday
221,2014-08-20,2014,3,8,20,Wednesday
222,2014-08-21,2014,3,8,21,Thursday
223,2014-08-22,2014,3,8,22,Friday
224,2014-08-23,2014,3,8,23,Saturday
225,2014-08-24,2014,3,8,24,Sunday
226,2014-08-25,2014,3,8,25,Monday
227,2014-08-26,2014,3,8,26,Tuesday
228,2014-08-27,2014,3,8,27,Wednesday
229,2014-08-28,2014,3,8,28,Thursday
230,2014-08-29,2014,3,8,29,Friday
231,2014-08-30,2014,3,8,30,Saturday
232,2014-08-31,2014,3,8,31,Sunday
233,2014-09-01,2014,3,9,1,Monday
234,2014-09-02,2014,3,9,2,Tuesday
235,2014-09-03,2014,3,9,3,Wednesday
236,2014-09-04,2014,3,9,4,Thursday
237,2014-09-05,2014,3,9,5,Friday
238,2014-09-06,2014,3,9,6,Saturday
239,2014-09-07,2014,3,9,7,Sunday
240,2014-09-08,2014,3,9,8,Monday
241,2014-09-09,2014,3,9,9,Tuesday
242,2014-09-10,2014,3,9,10,Wednesday
243,2014-09-11,2014,3,9,11,Thursday
244,2014-09-12,2014,3,9,12,Friday
245,2014-09-13,2014,3,9,13,Saturday
246,2014-09-14,2014,3,9,14,Sunday
247,2014-09-15,2014,3,9,15,Monday
248,2014-09-16,2014,3,9,16,Tuesday
249,2014-09-17,2014,3,9,17,Wednesday
250,2014-09-18,2014,3,9,18,Thursday
251,2014-09-19,2014,3,9,19,Friday
252,2014-09-20,2014,3,9,20,Saturday
253,2014-09-21,2014,3,9,21,Sunday
254,2014-09-22,2014,3,9,22,Monday
255,2014-09-23,2014,3,9,23,Tuesday
256,2014-09-24,2014,3,9,24,Wednesday
257,2014-09-25,2014,3,9,25,Thursday
258,2014-09-26,2014,3,9,26,Friday
259,2014-09-27,2014,3,9,27,Saturday
260,2014-09-28,2014,3,9,28,Sunday
261,2014-09-29,2014,3,9,29,Monday
262,2014-09-30,2014,3,9,30,Tuesday
263,2014-10-01,2014,4,10,1,Wednesday
264,2014-10-02,2014,4,10,2,Thursday
265,2014-10-03,2014,4,10,3,Friday
266,2014-10-04,2014,4,10,4,Saturday
267,2014-10-05,2014,4,10,5,Sunday
268,2014-10-06,2014,4,10,6,Monday
269,2014-10-07,2014,4,10,7,Tuesday
270,2014-10-08,2014,4,10,8,Wednesday
271,2014-10-09,2014,4,10,9,Thursday
272,2014-10-10,2014,4,10,10,Friday
273,2014-10-11,2014,4,10,11,Saturday
274,2014-10-12,2014,4,10,12,Sunday
275,2014-10-13,2014,4,10,13,Monday
276,2014-10-14,2014,4,10,14,Tuesday
277,2014-10-15,2014,4,10,15,Wednesday
278,2014-10-16,2014,4,10,16,Thursday
279,2014-10-17,2014,4,10,17,Friday
280,2014-10-18,2014,4,10,18,Saturday
281,2014-10-19,2014,4,10,19,Sunday
282,2014-10-20,2014,4,10,20,Monday
283,2014-10-21,2014,4,10,21,Tuesday
284,2014-10-22,2014,4,10,22,Wednesday
285,2014-10-23,2014,4,10,23,Thursday
286,2014-10-24,2014,4,10,24,Friday
287,2014-10-25,2014,4,10,25,Saturday
288,2014-10-26,2014,4,10,26,Sunday
289,2014-10-27,2014,4,10,27,Monday
290,2014-10-28,2014,4,10,28,Tuesday
291,2014-10-29,2014,4,10,29,Wednesday
292,2014-10-30,2014,4,10,30,Thursday
293,2014-10-31,2014,4,10,31,Friday
294,2014-11-01,2014,4,11,1,Saturday
295,2014-11-02,2014,4,11,2,Sunday
296,2014-11-03,2014,4,11,3,Monday
297,2014-11-04,2014,4,11,4,Tuesday
298,2014-11-05,2014,4,11,5,Wednesday
299,2014-11-06,2014,4,11,6,Thursday
300,2014-11-07,2014,4,11,7,Friday
301,2014-11-08,2014,4,11,8,Saturday
302,2014-11-09,2014,4,11,9,Sunday
303,2014-11-10,2014,4,11,10,Monday
304,2014-11-11,2014,4,11,11,Tuesday
305,2014-11-12,2014,4,11,12,Wednesday
306,2014-11-13,2014,4,11,13,Thursday
307,2014-11-14,2014,4,11,14,Friday
308,2014-11-15,2014,4,11,15,Saturday
309,2014-11-16,2014,4,11,16,Sunday
310,2014-11-17,2014,4,11,17,Monday
311,2014-11-18,2014,4,11,18,Tuesday
312,2014-11-19,2014,4,11,19,Wednesday
313,2014-11-20,2014,4,11,20,Thursday
314,2014-11-21,2014,4,11,21,Friday
315,2014-11-22,2014,4,11,22,Saturday
316,2014-11-23,2014,4,11,23,Sunday
317,2014-11-24,2014,4,11,24,Monday
318,2014-11-25,2014,4,11,25,Tuesday
319,2014-11-26,2014,4,11,26,Wednesday
320,2014-11-27,2014,4,11,27,Thursday
321,2014-11-28,2014,4,11,28,Friday
322,2014-11-29,2014,4,11,29,Saturday
323,2014-11-30,2014,4,11,30,Sunday
324,2014-12-01,2014,4,12,1,Monday
325,2014-12-02,2014,4,12,2,Tuesday
326,2014-12-03,2014,4,12,3,Wednesday
327,2014-12-04,2014,4,12,4,Thursday
328,2014-12-05,2014,4,12,5,Friday
329,2014-12-06,2014,4,12,6,Saturday
330,2014-12-07,2014,4,12,7,Sunday
331,2014-12-08,2014,4,12,8,Monday
332,2014-12-09,2014,4,12,9,Tuesday
333,2014-12-10,2014,4,12,10,Wednesday
334,2014-12-11,2014,4,12,11,Thursday
335,2014-12-12,2014,4,12,12,Friday
336,2014-12-13,2014,4,12,13,Saturday
337,2014-12-14,2014,4,12,14,Sunday
338,2014-12-15,2014,4,12,15,Monday
339,2014-12-16,2014,4,12,16,Tuesday
340,2014-12-17,2014,4,12,17,Wednesday
341,2014-12-18,2014,4,12,18,Thursday
342,2014-12-19,2014,4,12,19,Friday
343,2014-12-20,2014,4,12,20,Saturday
344,2014-12-21,2014,4,12,21,Sunday
345,2014-12-22,2014,4,12,22,Monday
346,2014-12-23,2014,4,12,23,Tuesday
347,2014-12-24,2014,4,12,24,Wednesday
348,2014-12-25,2014,4,12,25,Thursday
349,2014-12-26,2014,4,12,26,Friday
350,2014-12-27,2014,4,12,27,Saturday
351,2014-12-28,2014,4,12,28,Sunday
352,2014-12-29,2014,4,12,29,Monday
353,2014-12-30,2014,4,12,30,Tuesday
354,2014-12-31,2014,4,12,31,Wednesday
355,2015-01-01,2015,1,1,1,Thursday
356,2015-01-02,2015,1,1,2,Friday
357,2015-01-03,2015,1,1,3,Saturday
358,2015-01-04,2015,1,1,4,Sunday
359,2015-01-05,2015,1,1,5,Monday
360,2015-01-06,2015,1,1,6,Tuesday
361,2015-01-07,2015,1,1,7,Wednesday
362,2015-01-08,2015,1,1,8,Thursday
363,2015-01-09,2015,1,1,9,Friday
364,2015-01-10,2015,1,1,10,Saturday
365,2015-01-12,2015,1,1,12,Monday
366,2015-01-13,2015,1,1,13,Tuesday
367,2015-01-15,2015,1,1,15,Thursday
368,2015-01-17,2015,1,1,17,Saturday
369,2015-01-18,2015,1,1,18,Sunday
370,2015-01-19,2015,1,1,19,Monday
371,2015-01-22,2015,1,1,22,Thursday
372,2015-01-23,2015,1,1,23,Friday
373,2015-01-24,2015,1,1,24,Saturday
374,2015-01-26,2015,1,1,26,Monday
375,2015-01-27,2015,1,1,27,Tuesday
376,2015-01-28,2015,1,1,28,Wednesday
377,2015-01-29,2015,1,1,29,Thursday
378,2015-01-30,2015,1,1,30,Friday
379,2015-01-31,2015,1,1,31,Saturday
380,2015-02-01,2015,1,2,1,Sunday
381,2015-02-03,2015,1,2,3,Tuesday
382,2015-02-04,2015,1,2,4,Wednesday
383,2015-02-05,2015,1,2,5,Thursday
384,2015-02-06,2015,1,2,6,Friday
385,2015-02-07,2015,1,2,7,Saturday
386,2015-02-08,2015,1,2,8,Sunday
387,2015-02-09,2015,1,2,9,Monday
388,2015-02-10,2015,1,2,10,Tuesday
389,2015-02-11,2015,1,2,11,Wednesday
390,2015-02-13,2015,1,2,13,Friday
391,2015-02-14,2015,1,2,14,Saturday
392,2015-02-15,2015,1,2,15,Sunday
393,2015-02-16,2015,1,2,16,Monday
394,2015-02-18,2015,1,2,18,Wednesday
395,2015-02-19,2015,1,2,19,Thursday
396,2015-02-20,2015,1,2,20,Friday
397,2015-02-21,2015,1,2,21,Saturday
398,2015-02-22,2015,1,2,22,Sunday
399,2015-02-23,2015,1,2,23,Monday
400,2015-02-24,2015,1,2,24,Tuesday
401,2015-02-25,2015,1,2,25,Wednesday
402,2015-02-27,2015,1,2,27,Friday
403,2015-02-28,2015,1,2,28,Saturday
404,2015-03-01,2015,1,3,1,Sunday
405,2015-03-02,2015,1,3,2,Monday
406,2015-03-03,2015,1,3,3,Tuesday
407,2015-03-04,2015,1,3,4,Wednesday
408,2015-03-05,2015,1,3,5,Thursday
409,2015-03-06,2015,1,3,6,Friday
410,2015-03-07,2015,1,3,7,Saturday
411,2015-03-08,2015,1,3,8,Sunday
412,2015-03-09,2015,1,3,9,Monday
413,2015-03-10,2015,1,3,10,Tuesday
414,2015-03-11,2015,1,3,11,Wednesday
415,2015-03-12,2015,1,3,12,Thursday
416,2015-03-13,2015,1,3,13,Friday
417,2015-03-14,2015,1,3,14,Saturday
418,2015-03-15,2015,1,3,15,Sunday
419,2015-03-16,2015,1,3,16,Monday
420,2015-03-17,2015,1,3,17,Tuesday
421,2015-03-18,2015,1,3,18,Wednesday
422,2015-03-19,2015,1,3,19,Thursday
423,2015-03-20,2015,1,3,20,Friday
424,2015-03-21,2015,1,3,21,Saturday
425,2015-03-22,2015,1,3,22,Sunday
426,2015-03-23,2015,1,3,23,Monday
427,2015-03-24,2015,1,3,24,Tuesday
428,2015-03-25,2015,1,3,25,Wednesday
429,2015-03-26,2015,1,3,26,Thursday
430,2015-03-27,2015,1,3,27,Friday
431,2015-03-28,2015,1,3,28,Saturday
432,2015-03-29,2015,1,3,29,Sunday
433,2015-03-30,2015,1,3,30,Monday
434,2015-03-31,2015,1,3,31,Tuesday
435,2015-04-02,2015,2,4,2,Thursday
436,2015-04-03,2015,2,4,3,Friday
437,2015-04-04,2015,2,4,4,Saturday
438,2015-04-05,2015,2,4,5,Sunday
439,2015-04-06,2015,2,4,6,Monday
440,2015-04-07,2015,2,4,7,Tuesday
441,2015-04-08,2015,2,4,8,Wednesday
442,2015-04-09,2015,2,4,9,Thursday
443,2015-04-10,2015,2,4,10,Friday
444,2015-04-11,2015,2,4,11,Saturday
445,2015-04-12,2015,2,4,12,Sunday
446,2015-04-13,2015,2,4,13,Monday
447,2015-04-14,2015,2,4,14,Tuesday
448,2015-04-15,2015,2,4,15,Wednesday
449,2015-04-16,2015,2,4,16,Thursday
450,2015-04-17,2015,2,4,17,Friday
451,2015-04-18,2015,2,4,18,Saturday
452,2015-04-19,2015,2,4,19,Sunday
453,2015-04-20,2015,2,4,20,Monday
454,2015-04-21,2015,2,4,21,Tuesday
455,2015-04-22,2015,2,4,22,Wednesday
456,2015-04-23,2015,2,4,23,Thursday
457,2015-04-24,2015,2,4,24,Friday
458,2015-04-25,2015,2,4,25,Saturday
459,2015-04-26,2015,2,4,26,Sunday
460,2015-04-27,2015,2,4,27,Monday
461,2015-04-28,2015,2,4,28,Tuesday
462,2015-04-29,2015,2,4,29,Wednesday
463,2015-04-30,2015,2,4,30,Thursday
464,2015-05-01,2015,2,5,1,Friday
465,2015-05-02,2015,2,5,2,Saturday
466,2015-05-03,2015,2,5,3,Sunday
467,2015-05-04,2015,2,5,4,Monday
468,2015-05-05,2015,2,5,5,Tuesday
469,2015-05-06,2015,2,5,6,Wednesday
470,2015-05-07,2015,2,5,7,Thursday
471,2015-05-08,2015,2,5,8,Friday
472,2015-05-09,2015,2,5,9,Saturday
473,2015-05-10,2015,2,5,10,Sunday
474,2015-05-11,2015,2,5,11,Monday
475,2015-05-12,2015,2,5,12,Tuesday
476,2015-05-13,2015,2,5,13,Wednesday
477,2015-05-14,2015,2,5,14,Thursday
478,2015-05-15,2015,2,5,15,Friday
479,2015-05-16,2015,2,5,16,Saturday
480,2015-05-17,2015,2,5,17,Sunday
481,2015-05-18,2015,2,5,18,Monday
482,2015-05-19,2015,2,5,19,Tuesday
483,2015-05-20,2015,2,5,20,Wednesday
484,2015-05-21,2015,2,5,21,Thursday
485,2015-05-22,2015,2,5,22,Friday
486,2015-05-23,2015,2,5,23,Saturday
487,2015-05-24,2015,2,5,24,Sunday
488,2015-05-25,2015,2,5,25,Monday
489,2015-05-26,2015,2,5,26,Tuesday
490,2015-05-27,2015,2,5,27,Wednesday
491,2015-05-28,2015,2,5,28,Thursday
492,2015-05-29,2015,2,5,29,Friday
493,2015-05-30,2015,2,5,30,Saturday
494,2015-05-31,2015,2,5,31,Sunday
495,2015-06-01,2015,2,6,1,Monday
496,2015-06-02,2015,2,6,2,Tuesday
497,2015-06-03,2015,2,6,3,Wednesday
498,2015-06-04,2015,2,6,4,Thursday
499,2015-06-05,2015,2,6,5,Friday
500,2015-06-07,2015,2,6,7,Sunday
501,2015-06-08,2015,2,6,8,Monday
502,2015-06-09,2015,2,6,9,Tuesday
503,2015-06-10,2015,2,6,10,Wednesday
504,2015-06-11,2015,2,6,11,Thursday
505,2015-06-12,2015,2,6,12,Friday
506,2015-06-13,2015,2,6,13,Saturday
507,2015-06-14,2015,2,6,14,Sunday
508,2015-06-15,2015,2,6,15,Monday
509,2015-06-16,2015,2,6,16,Tuesday
510,2015-06-17,2015,2,6,17,Wednesday
511,2015-06-18,2015,2,6,18,Thursday
512,2015-06-19,2015,2,6,19,Friday
513,2015-06-20,2015,2,6,20,Saturday
514,2015-06-21,2015,2,6,21,Sunday
515,2015-06-22,2015,2,6,22,Monday
516,2015-06-23,2015,2,6,23,Tuesday
517,2015-06-24,2015,2,6,24,Wednesday
518,2015-06-25,2015,2,6,25,Thursday
519,2015-06-26,2015,2,6,26,Friday
520,2015-06-27,2015,2,6,27,Saturday
521,2015-06-28,2015,2,6,28,Sunday
522,2015-06-29,2015,2,6,29,Monday
523,2015-06-30,2015,2,6,30,Tuesday
524,2015-07-01,2015,3,7,1,Wednesday
525,2015-07-02,2015,3,7,2,Thursday
526,2015-07-03,2015,3,7,3,Friday
527,2015-07-04,2015,3,7,4,Saturday
528,2015-07-05,2015,3,7,5,Sunday
529,2015-07-06,2015,3,7,6,Monday
530,2015-07-08,2015,3,7,8,Wednesday
531,2015-07-09,2015,3,7,9,Thursday
532,2015-07-10,2015,3,7,10,Friday
533,2015-07-11,2015,3,7,11,Saturday
534,2015-07-12,2015,3,7,12,Sunday
535,2015-07-13,2015,3,7,13,Monday
536,2015-07-14,2015,3,7,14,Tuesday
537,2015-07-15,2015,3,7,15,Wednesday
538,2015-07-16,2015,3,7,16,Thursday
539,2015-07-17,2015,3,7,17,Friday
540,2015-07-18,2015,3,7,18,Saturday
541,2015-07-19,2015,3,7,19,Sunday
542,2015-07-20,2015,3,7,20,Monday
543,2015-07-21,2015,3,7,21,Tuesday
544,2015-07-22,2015,3,7,22,Wednesday
545,2015-07-23,2015,3,7,23,Thursday
546,2015-07-24,2015,3,7,24,Friday
547,2015-07-25,2015,3,7,25,Saturday
548,2015-07-26,2015,3,7,26,Sunday
549,2015-07-27,2015,3,7,27,Monday
550,2015-07-28,2015,3,7,28,Tuesday
551,2015-07-29,2015,3,7,29,Wednesday
552,2015-07-30,2015,3,7,30,Thursday
553,2015-07-31,2015,3,7,31,Friday
554,2015-08-01,2015,3,8,1,Saturday
555,2015-08-02,2015,3,8,2,Sunday
556,2015-08-03,2015,3,8,3,Monday
557,2015-08-05,2015,3,8,5,Wednesday
558,2015-08-06,2015,3,8,6,Thursday
559,2015-08-07,2015,3,8,7,Friday
560,2015-08-08,2015,3,8,8,Saturday
561,2015-08-09,2015,3,8,9,Sunday
562,2015-08-10,2015,3,8,10,Monday
563,2015-08-11,2015,3,8,11,Tuesday
564,2015-08-12,2015,3,8,12,Wednesday
565,2015-08-13,2015,3,8,13,Thursday
566,2015-08-14,2015,3,8,14,Friday
567,2015-08-15,2015,3,8,15,Saturday
568,2015-08-16,2015,3,8,16,Sunday
569,2015-08-17,2015,3,8,17,Monday
570,2015-08-19,2015,3,8,19,Wednesday
571,2015-08-20,2015,3,8,20,Thursday
572,2015-08-21,2015,3,8,21,Friday
573,2015-08-22,2015,3,8,22,Saturday
574,2015-08-23,2015,3,8,23,Sunday
575,2015-08-24,2015,3,8,24,Monday
576,2015-08-25,2015,3,8,25,Tuesday
577,2015-08-26,2015,3,8,26,Wednesday
578,2015-08-27,2015,3,8,27,Thursday
579,2015-08-28,2015,3,8,28,Friday
580,2015-08-29,2015,3,8,29,Saturday
581,2015-08-30,2015,3,8,30,Sunday
582,2015-08-31,2015,3,8,31,Monday
583,2015-09-01,2015,3,9,1,Tuesday
584,2015-09-02,2015,3,9,2,Wednesday
585,2015-09-03,2015,3,9,3,Thursday
586,2015-09-04,2015,3,9,4,Friday
587,2015-09-05,2015,3,9,5,Saturday
588,2015-09-06,2015,3,9,6,Sunday
589,2015-09-07,2015,3,9,7,Monday
590,2015-09-08,2015,3,9,8,Tuesday
591,2015-09-09,2015,3,9,9,Wednesday
592,2015-09-10,2015,3,9,10,Thursday
593,2015-09-11,2015,3,9,11,Friday
594,2015-09-12,2015,3,9,12,Saturday
595,2015-09-13,2015,3,9,13,Sunday
596,2015-09-14,2015,3,9,14,Monday
597,2015-09-15,2015,3,9,15,Tuesday
598,2015-09-16,2015,3,9,16,Wednesday
599,2015-09-17,2015,3,9,17,Thursday
600,2015-09-18,2015,3,9,18,Friday
601,2015-09-19,2015,3,9,19,Saturday
602,2015-09-20,2015,3,9,20,Sunday
603,2015-09-21,2015,3,9,21,Monday
604,2015-09-22,2015,3,9,22,Tuesday
605,2015-09-23,2015,3,9,23,Wednesday
606,2015-09-24,2015,3,9,24,Thursday
607,2015-09-25,2015,3,9,25,Friday
608,2015-09-26,2015,3,9,26,Saturday
609,2015-09-27,2015,3,9,27,Sunday
610,2015-09-28,2015,3,9,28,Monday
611,2015-09-29,2015,3,9,29,Tuesday
612,2015-09-30,2015,3,9,30,Wednesday
613,2015-10-01,2015,4,10,1,Thursday
614,2015-10-02,2015,4,10,2,Friday
615,2015-10-03,2015,4,10,3,Saturday
616,2015-10-04,2015,4,10,4,Sunday
617,2015-10-05,2015,4,10,5,Monday
618,2015-10-06,2015,4,10,6,Tuesday
619,2015-10-07,2015,4,10,7,Wednesday
620,2015-10-08,2015,4,10,8,Thursday
621,2015-10-09,2015,4,10,9,Friday
622,2015-10-10,2015,4,10,10,Saturday
623,2015-10-11,2015,4,10,11,Sunday
624,2015-10-12,2015,4,10,12,Monday
625,2015-10-13,2015,4,10,13,Tuesday
626,2015-10-14,2015,4,10,14,Wednesday
627,2015-10-15,2015,4,10,15,Thursday
628,2015-10-16,2015,4,10,16,Friday
629,2015-10-17,2015,4,10,17,Saturday
630,2015-10-18,2015,4,10,18,Sunday
631,2015-10-19,2015,4,10,19,Monday
632,2015-10-20,2015,4,10,20,Tuesday
633,2015-10-22,2015,4,10,22,Thursday
634,2015-10-23,2015,4,10,23,Friday
635,2015-10-24,2015,4,10,24,Saturday
636,2015-10-25,2015,4,10,25,Sunday
637,2015-10-26,2015,4,10,26,Monday
638,2015-10-27,2015,4,10,27,Tuesday
639,2015-10-28,2015,4,10,28,Wednesday
640,2015-10-29,2015,4,10,29,Thursday
641,2015-10-30,2015,4,10,30,Friday
642,2015-10-31,2015,4,10,31,Saturday
643,2015-11-01,2015,4,11,1,Sunday
644,2015-11-02,2015,4,11,2,Monday
645,2015-11-03,2015,4,11,3,Tuesday
646,2015-11-04,2015,4,11,4,Wednesday
647,2015-11-05,2015,4,11,5,Thursday
648,2015-11-06,2015,4,11,6,Friday
649,2015-11-07,2015,4,11,7,Saturday
650,2015-11-08,2015,4,11,8,Sunday
651,2015-11-09,2015,4,11,9,Monday
652,2015-11-10,2015,4,11,10,Tuesday
653,2015-11-11,2015,4,11,11,Wednesday
654,2015-11-12,2015,4,11,12,Thursday
655,2015-11-13,2015,4,11,13,Friday
656,2015-11-14,2015,4,11,14,Saturday
657,2015-11-15,2015,4,11,15,Sunday
658,2015-11-16,2015,4,11,16,Monday
659,2015-11-17,2015,4,11,17,Tuesday
660,2015-11-18,2015,4,11,18,Wednesday
661,2015-11-19,2015,4,11,19,Thursday
662,2015-11-20,2015,4,11,20,Friday
663,2015-11-21,2015,4,11,21,Saturday
664,2015-11-22,2015,4,11,22,Sunday
665,2015-11-23,2015,4,11,23,Monday
666,2015-11-24,2015,4,11,24,Tuesday
667,2015-11-25,2015,4,11,25,Wednesday
668,2015-11-26,2015,4,11,26,Thursday
669,2015-11-27,2015,4,11,27,Friday
670,2015-11-28,2015,4,11,28,Saturday
671,2015-11-29,2015,4,11,29,Sunday
672,2015-11-30,2015,4,11,30,Monday
673,2015-12-01,2015,4,12,1,Tuesday
674,2015-12-02,2015,4,12,2,Wednesday
675,2015-12-03,2015,4,12,3,Thursday
676,2015-12-04,2015,4,12,4,Friday
677,2015-12-05,2015,4,12,5,Saturday
678,2015-12-06,2015,4,12,6,Sunday
679,2015-12-07,2015,4,12,7,Monday
680,2015-12-08,2015,4,12,8,Tuesday
681,2015-12-09,2015,4,12,9,Wednesday
682,2015-12-10,2015,4,12,10,Thursday
683,2015-12-11,2015,4,12,11,Friday
684,2015-12-12,2015,4,12,12,Saturday
685,2015-12-13,2015,4,12,13,Sunday
686,2015-12-14,2015,4,12,14,Monday
687,2015-12-15,2015,4,12,15,Tuesday
688,2015-12-16,2015,4,12,16,Wednesday
689,2015-12-17,2015,4,12,17,Thursday
690,2015-12-18,2015,4,12,18,Friday
691,2015-12-19,2015,4,12,19,Saturday
692,2015-12-20,2015,4,12,20,Sunday
693,2015-12-21,2015,4,12,21,Monday
694,2015-12-22,2015,4,12,22,Tuesday
695,2015-12-23,2015,4,12,23,Wednesday
696,2015-12-24,2015,4,12,24,Thursday
697,2015-12-25,2015,4,12,25,Friday
698,2015-12-26,2015,4,12,26,Saturday
699,2015-12-27,2015,4,12,27,Sunday
700,2015-12-28,2015,4,12,28,Monday
701,2015-12-29,2015,4,12,29,Tuesday
702,2015-12-30,2015,4,12,30,Wednesday
703,2015-12-31,2015,4,12,31,Thursday
704,2016-01-01,2016,1,1,1,Friday
705,2016-01-02,2016,1,1,2,Saturday
706,2016-01-03,2016,1,1,3,Sunday
707,2016-01-04,2016,1,1,4,Monday
708,2016-01-05,2016,1,1,5,Tuesday
709,2016-01-07,2016,1,1,7,Thursday
710,2016-01-08,2016,1,1,8,Friday
711,2016-01-09,2016,1,1,9,Saturday
712,2016-01-10,2016,1,1,10,Sunday
713,2016-01-11,2016,1,1,11,Monday
714,2016-01-12,2016,1,1,12,Tuesday
715,2016-01-13,2016,1,1,13,Wednesday
716,2016-01-14,2016,1,1,14,Thursday
717,2016-01-15,2016,1,1,15,Friday
718,2016-01-16,2016,1,1,16,Saturday
719,2016-01-17,2016,1,1,17,Sunday
720,2016-01-19,2016,1,1,19,Tuesday
721,2016-01-20,2016,1,1,20,Wednesday
722,2016-01-21,2016,1,1,21,Thursday
723,2016-01-22,2016,1,1,22,Friday
724,2016-01-23,2016,1,1,23,Saturday
725,2016-01-24,2016,1,1,24,Sunday
726,2016-01-25,2016,1,1,25,Monday
727,2016-01-26,2016,1,1,26,Tuesday
728,2016-01-27,2016,1,1,27,Wednesday
729,2016-01-28,2016,1,1,28,Thursday
730,2016-01-29,2016,1,1,29,Friday
731,2016-01-30,2016,1,1,30,Saturday
732,2016-01-31,2016,1,1,31,Sunday
733,2016-02-01,2016,1,2,1,Monday
734,2016-02-02,2016,1,2,2,Tuesday
735,2016-02-03,2016,1,2,3,Wednesday
736,2016-02-04,2016,1,2,4,Thursday
737,2016-02-05,2016,1,2,5,Friday
738,2016-02-06,2016,1,2,6,Saturday
739,2016-02-07,2016,1,2,7,Sunday
740,2016-02-08,2016,1,2,8,Monday
741,2016-02-09,2016,1,2,9,Tuesday
742,2016-02-10,2016,1,2,10,Wednesday
743,2016-02-11,2016,1,2,11,Thursday
744,2016-02-12,2016,1,2,12,Friday
745,2016-02-13,2016,1,2,13,Saturday
746,2016-02-14,2016,1,2,14,Sunday
747,2016-02-15,2016,1,2,15,Monday
748,2016-02-16,2016,1,2,16,Tuesday
749,2016-02-18,2016,1,2,18,Thursday
750,2016-02-19,2016,1,2,19,Friday
751,2016-02-20,2016,1,2,20,Saturday
752,2016-02-21,2016,1,2,21,Sunday
753,2016-02-22,2016,1,2,22,Monday
754,2016-02-23,2016,1,2,23,Tuesday
755,2016-02-24,2016,1,2,24,Wednesday
756,2016-02-25,2016,1,2,25,Thursday
757,2016-02-26,2016,1,2,26,Friday
758,2016-02-27,2016,1,2,27,Saturday
759,2016-02-28,2016,1,2,28,Sunday
760,2016-02-29,2016,1,2,29,Monday
761,2016-03-01,2016,1,3,1,Tuesday
762,2016-03-02,2016,1,3,2,Wednesday
763,2016-03-03,2016,1,3,3,Thursday
764,2016-03-04,2016,1,3,4,Friday
765,2016-03-05,2016,1,3,5,Saturday
766,2016-03-06,2016,1,3,6,Sunday
767,2016-03-07,2016,1,3,7,Monday
768,2016-03-08,2016,1,3,8,Tuesday
769,2016-03-09,2016,1,3,9,Wednesday
770,2016-03-10,2016,1,3,10,Thursday
771,2016-03-11,2016,1,3,11,Friday
772,2016-03-12,2016,1,3,12,Saturday
773,2016-03-13,2016,1,3,13,Sunday
774,2016-03-14,2016,1,3,14,Monday
775,2016-03-15,2016,1,3,15,Tuesday
776,2016-03-16,2016,1,3,16,Wednesday
777,2016-03-17,2016,1,3,17,Thursday
778,2016-03-18,2016,1,3,18,Friday
779,2016-03-19,2016,1,3,19,Saturday
780,2016-03-20,2016,1,3,20,Sunday
781,2016-03-21,2016,1,3,21,Monday
782,2016-03-22,2016,1,3,22,Tuesday
783,2016-03-23,2016,1,3,23,Wednesday
784,2016-03-24,2016,1,3,24,Thursday
785,2016-03-25,2016,1,3,25,Friday
786,2016-03-26,2016,1,3,26,Saturday
787,2016-03-27,2016,1,3,27,Sunday
788,2016-03-28,2016,1,3,28,Monday
789,2016-03-29,2016,1,3,29,Tuesday
790,2016-03-30,2016,1,3,30,Wednesday
791,2016-03-31,2016,1,3,31,Thursday
792,2016-04-01,2016,2,4,1,Friday
793,2016-04-02,2016,2,4,2,Saturday
794,2016-04-03,2016,2,4,3,Sunday
795,2016-04-04,2016,2,4,4,Monday
796,2016-04-05,2016,2,4,5,Tuesday
797,2016-04-06,2016,2,4,6,Wednesday
798,2016-04-07,2016,2,4,7,Thursday
799,2016-04-08,2016,2,4,8,Friday
800,2016-04-09,2016,2,4,9,Saturday
801,2016-04-10,2016,2,4,10,Sunday
802,2016-04-11,2016,2,4,11,Monday
803,2016-04-12,2016,2,4,12,Tuesday
804,2016-04-13,2016,2,4,13,Wednesday
805,2016-04-14,2016,2,4,14,Thursday
806,2016-04-15,2016,2,4,15,Friday
807,2016-04-16,2016,2,4,16,Saturday
808,2016-04-17,2016,2,4,17,Sunday
809,2016-04-18,2016,2,4,18,Monday
810,2016-04-19,2016,2,4,19,Tuesday
811,2016-04-20,2016,2,4,20,Wednesday
812,2016-04-21,2016,2,4,21,Thursday
813,2016-04-22,2016,2,4,22,Friday
814,2016-04-23,2016,2,4,23,Saturday
815,2016-04-24,2016,2,4,24,Sunday
816,2016-04-25,2016,2,4,25,Monday
817,2016-04-26,2016,2,4,26,Tuesday
818,2016-04-27,2016,2,4,27,Wednesday
819,2016-04-28,2016,2,4,28,Thursday
820,2016-04-29,2016,2,4,29,Friday
821,2016-04-30,2016,2,4,30,Saturday
822,2016-05-01,2016,2,5,1,Sunday
823,2016-05-02,2016,2,5,2,Monday
824,2016-05-03,2016,2,5,3,Tuesday
825,2016-05-04,2016,2,5,4,Wednesday
826,2016-05-05,2016,2,5,5,Thursday
827,2016-05-06,2016,2,5,6,Friday
828,2016-05-07,2016,2,5,7,Saturday
829,2016-05-08,2016,2,5,8,Sunday
830,2016-05-09,2016,2,5,9,Monday
831,2016-05-10,2016,2,5,10,Tuesday
832,2016-05-11,2016,2,5,11,Wednesday
833,2016-05-12,2016,2,5,12,Thursday
834,2016-05-13,2016,2,5,13,Friday
835,2016-05-14,2016,2,5,14,Saturday
836,2016-05-15,2016,2,5,15,Sunday
837,2016-05-16,2016,2,5,16,Monday
838,2016-05-17,2016,2,5,17,Tuesday
839,2016-05-18,2016,2,5,18,Wednesday
840,2016-05-19,2016,2,5,19,Thursday
841,2016-05-20,2016,2,5,20,Friday
842,2016-05-21,2016,2,5,21,Saturday
843,2016-05-22,2016,2,5,22,Sunday
844,2016-05-23,2016,2,5,23,Monday
845,2016-05-24,2016,2,5,24,Tuesday
846,2016-05-25,2016,2,5,25,Wednesday
847,2016-05-26,2016,2,5,26,Thursday
848,2016-05-27,2016,2,5,27,Friday
849,2016-05-28,2016,2,5,28,Saturday
850,2016-05-29,2016,2,5,29,Sunday
851,2016-05-30,2016,2,5,30,Monday
852,2016-05-31,2016,2,5,31,Tuesday
853,2016-06-01,2016,2,6,1,Wednesday
854,2016-06-02,2016,2,6,2,Thursday
855,2016-06-03,2016,2,6,3,Friday
856,2016-06-04,2016,2,6,4,Saturday
857,2016-06-05,2016,2,6,5,Sunday
858,2016-06-06,2016,2,6,6,Monday
859,2016-06-07,2016,2,6,7,Tuesday
860,2016-06-09,2016,2,6,9,Thursday
861,2016-06-10,2016,2,6,10,Friday
862,2016-06-11,2016,2,6,11,Saturday
863,2016-06-12,2016,2,6,12,Sunday
864,2016-06-13,2016,2,6,13,Monday
865,2016-06-14,2016,2,6,14,Tuesday
866,2016-06-15,2016,2,6,15,Wednesday
867,2016-06-16,2016,2,6,16,Thursday
868,2016-06-17,2016,2,6,17,Friday
869,2016-06-18,2016,2,6,18,Saturday
870,2016-06-19,2016,2,6,19,Sunday
871,2016-06-20,2016,2,6,20,Monday
872,2016-06-21,2016,2,6,21,Tuesday
873,2016-06-22,2016,2,6,22,Wednesday
874,2016-06-23,2016,2,6,23,Thursday
875,2016-06-24,2016,2,6,24,Friday
876,2016-06-25,2016,2,6,25,Saturday
877,2016-06-26,2016,2,6,26,Sunday
878,2016-06-27,2016,2,6,27,Monday
879,2016-06-28,2016,2,6,28,Tuesday
880,2016-06-29,2016,2,6,29,Wednesday
881,2016-06-30,2016,2,6,30,Thursday
882,2016-07-01,2016,3,7,1,Friday
883,2016-07-02,2016,3,7,2,Saturday
884,2016-07-03,2016,3,7,3,Sunday
885,2016-07-04,2016,3,7,4,Monday
886,2016-07-06,2016,3,7,6,Wednesday
887,2016-07-07,2016,3,7,7,Thursday
888,2016-07-08,2016,3,7,8,Friday
889,2016-07-09,2016,3,7,9,Saturday
890,2016-07-10,2016,3,7,10,Sunday
891,2016-07-11,2016,3,7,11,Monday
892,2016-07-12,2016,3,7,12,Tuesday
893,2016-07-13,2016,3,7,13,Wednesday
894,2016-07-14,2016,3,7,14,Thursday
895,2016-07-15,2016,3,7,15,Friday
896,2016-07-16,2016,3,7,16,Saturday
897,2016-07-17,2016,3,7,17,Sunday
898,2016-07-18,2016,3,7,18,Monday
899,2016-07-19,2016,3,7,19,Tuesday
900,2016-07-20,2016,3,7,20,Wednesday
901,2016-07-21,2016,3,7,21,Thursday
902,2016-07-22,2016,3,7,22,Friday
903,2016-07-23,2016,3,7,23,Saturday
904,2016-07-24,2016,3,7,24,Sunday
905,2016-07-25,2016,3,7,25,Monday
906,2016-07-26,2016,3,7,26,Tuesday
907,2016-07-27,2016,3,7,27,Wednesday
908,2016-07-28,2016,3,7,28,Thursday
909,2016-07-29,2016,3,7,29,Friday
910,2016-07-30,2016,3,7,30,Saturday
911,2016-07-31,2016,3,7,31,Sunday
912,2016-08-01,2016,3,8,1,Monday
913,2016-08-02,2016,3,8,2,Tuesday
914,2016-08-03,2016,3,8,3,Wednesday
915,2016-08-04,2016,3,8,4,Thursday
916,2016-08-05,2016,3,8,5,Friday
917,2016-08-06,2016,3,8,6,Saturday
918,2016-08-07,2016,3,8,7,Sunday
919,2016-08-08,2016,3,8,8,Monday
920,2016-08-09,2016,3,8,9,Tuesday
921,2016-08-10,2016,3,8,10,Wednesday
922,2016-08-11,2016,3,8,11,Thursday
923,2016-08-12,2016,3,8,12,Friday
924,2016-08-13,2016,3,8,13,Saturday
925,2016-08-14,2016,3,8,14,Sunday
926,2016-08-15,2016,3,8,15,Monday
927,2016-08-16,2016,3,8,16,Tuesday
928,2016-08-17,2016,3,8,17,Wednesday
929,2016-08-18,2016,3,8,18,Thursday
930,2016-08-19,2016,3,8,19,Friday
931,2016-08-20,2016,3,8,20,Saturday
932,2016-08-21,2016,3,8,21,Sunday
933,2016-08-22,2016,3,8,22,Monday
934,2016-08-23,2016,3,8,23,Tuesday
935,2016-08-24,2016,3,8,24,Wednesday
936,2016-08-25,2016,3,8,25,Thursday
937,2016-08-26,2016,3,8,26,Friday
938,2016-08-27,2016,3,8,27,Saturday
939,2016-08-28,2016,3,8,28,Sunday
940,2016-08-29,2016,3,8,29,Monday
941,2016-08-30,2016,3,8,30,Tuesday
942,2016-08-31,2016,3,8,31,Wednesday
943,2016-09-01,2016,3,9,1,Thursday
944,2016-09-02,2016,3,9,2,Friday
945,2016-09-03,2016,3,9,3,Saturday
946,2016-09-04,2016,3,9,4,Sunday
947,2016-09-05,2016,3,9,5,Monday
948,2016-09-06,2016,3,9,6,Tuesday
949,2016-09-07,2016,3,9,7,Wednesday
950,2016-09-08,2016,3,9,8,Thursday
951,2016-09-09,2016,3,9,9,Friday
952,2016-09-10,2016,3,9,10,Saturday
953,2016-09-11,2016,3,9,11,Sunday
954,2016-09-12,2016,3,9,12,Monday
955,2016-09-13,2016,3,9,13,Tuesday
956,2016-09-14,2016,3,9,14,Wednesday
957,2016-09-15,2016,3,9,15,Thursday
958,2016-09-16,2016,3,9,16,Friday
959,2016-09-17,2016,3,9,17,Saturday
960,2016-09-18,2016,3,9,18,Sunday
961,2016-09-19,2016,3,9,19,Monday
962,2016-09-20,2016,3,9,20,Tuesday
963,2016-09-21,2016,3,9,21,Wednesday
964,2016-09-22,2016,3,9,22,Thursday
965,2016-09-23,2016,3,9,23,Friday
966,2016-09-24,2016,3,9,24,Saturday
967,2016-09-25,2016,3,9,25,Sunday
968,2016-09-26,2016,3,9,26,Monday
969,2016-09-27,2016,3,9,27,Tuesday
970,2016-09-28,2016,3,9,28,Wednesday
971,2016-09-29,2016,3,9,29,Thursday
972,2016-09-30,2016,3,9,30,Friday
973,2016-10-01,2016,4,10,1,Saturday
974,2016-10-02,2016,4,10,2,Sunday
975,2016-10-03,2016,4,10,3,Monday
976,2016-10-04,2016,4,10,4,Tuesday
977,2016-10-05,2016,4,10,5,Wednesday
978,2016-10-06,2016,4,10,6,Thursday
979,2016-10-07,2016,4,10,7,Friday
980,2016-10-08,2016,4,10,8,Saturday
981,2016-10-09,2016,4,10,9,Sunday
982,2016-10-10,2016,4,10,10,Monday
983,2016-10-11,2016,4,10,11,Tuesday
984,2016-10-12,2016,4,10,12,Wednesday
985,2016-10-13,2016,4,10,13,Thursday
986,2016-10-14,2016,4,10,14,Friday
987,2016-10-15,2016,4,10,15,Saturday
988,2016-10-16,2016,4,10,16,Sunday
989,2016-10-17,2016,4,10,17,Monday
990,2016-10-18,2016,4,10,18,Tuesday
991,2016-10-19,2016,4,10,19,Wednesday
992,2016-10-20,2016,4,10,20,Thursday
993,2016-10-21,2016,4,10,21,Friday
994,2016-10-22,2016,4,10,22,Saturday
995,2016-10-23,2016,4,10,23,Sunday
996,2016-10-24,2016,4,10,24,Monday
997,2016-10-25,2016,4,10,25,Tuesday
998,2016-10-26,2016,4,10,26,Wednesday
999,2016-10-27,2016,4,10,27,Thursday
1000,2016-10-28,2016,4,10,28,Friday
1001,2016-10-29,2016,4,10,29,Saturday
1002,2016-10-30,2016,4,10,30,Sunday
1003,2016-10-31,2016,4,10,31,Monday
1004,2016-11-01,2016,4,11,1,Tuesday
1005,2016-11-02,2016,4,11,2,Wednesday
1006,2016-11-03,2016,4,11,3,Thursday
1007,2016-11-04,2016,4,11,4,Friday
1008,2016-11-05,2016,4,11,5,Saturday
1009,2016-11-06,2016,4,11,6,Sunday
1010,2016-11-07,2016,4,11,7,Monday
1011,2016-11-08,2016,4,11,8,Tuesday
1012,2016-11-09,2016,4,11,9,Wednesday
1013,2016-11-10,2016,4,11,10,Thursday
1014,2016-11-11,2016,4,11,11,Friday
1015,2016-11-12,2016,4,11,12,Saturday
1016,2016-11-13,2016,4,11,13,Sunday
1017,2016-11-14,2016,4,11,14,Monday
1018,2016-11-15,2016,4,11,15,Tuesday
1019,2016-11-16,2016,4,11,16,Wednesday
1020,2016-11-17,2016,4,11,17,Thursday
1021,2016-11-18,2016,4,11,18,Friday
1022,2016-11-19,2016,4,11,19,Saturday
1023,2016-11-20,2016,4,11,20,Sunday
1024,2016-11-21,2016,4,11,21,Monday
1025,2016-11-22,2016,4,11,22,Tuesday
1026,2016-11-23,2016,4,11,23,Wednesday
1027,2016-11-24,2016,4,11,24,Thursday
1028,2016-11-25,2016,4,11,25,Friday
1029,2016-11-26,2016,4,11,26,Saturday
1030,2016-11-27,2016,4,11,27,Sunday
1031,2016-11-28,2016,4,11,28,Monday
1032,2016-11-29,2016,4,11,29,Tuesday
1033,2016-11-30,2016,4,11,30,Wednesday
1034,2016-12-01,2016,4,12,1,Thursday
1035,2016-12-02,2016,4,12,2,Friday
1036,2016-12-03,2016,4,12,3,Saturday
1037,2016-12-04,2016,4,12,4,Sunday
1038,2016-12-05,2016,4,12,5,Monday
1039,2016-12-06,2016,4,12,6,Tuesday
1040,2016-12-07,2016,4,12,7,Wednesday
1041,2016-12-08,2016,4,12,8,Thursday
1042,2016-12-09,2016,4,12,9,Friday
1043,2016-12-10,2016,4,12,10,Saturday
1044,2016-12-11,2016,4,12,11,Sunday
1045,2016-12-12,2016,4,12,12,Monday
1046,2016-12-13,2016,4,12,13,Tuesday
1047,2016-12-14,2016,4,12,14,Wednesday
1048,2016-12-15,2016,4,12,15,Thursday
1049,2016-12-16,2016,4,12,16,Friday
1050,2016-12-17,2016,4,12,17,Saturday
1051,2016-12-18,2016,4,12,18,Sunday
1052,2016-12-19,2016,4,12,19,Monday
1053,2016-12-20,2016,4,12,20,Tuesday
1054,2016-12-21,2016,4,12,21,Wednesday
1055,2016-12-22,2016,4,12,22,Thursday
1056,2016-12-23,2016,4,12,23,Friday
1057,2016-12-24,2016,4,12,24,Saturday
1058,2016-12-25,2016,4,12,25,Sunday
1059,2016-12-26,2016,4,12,26,Monday
1060,2016-12-27,2016,4,12,27,Tuesday
1061,2016-12-28,2016,4,12,28,Wednesday
1062,2016-12-29,2016,4,12,29,Thursday
1063,2016-12-30,2016,4,12,30,Friday
1064,2016-12-31,2016,4,12,31,Saturday
1065,2017-01-01,2017,1,1,1,Sunday
1066,2017-01-02,2017,1,1,2,Monday
1067,2017-01-03,2017,1,1,3,Tuesday
1068,2017-01-04,2017,1,1,4,Wednesday
1069,2017-01-05,2017,1,1,5,Thursday
1070,2017-01-06,2017,1,1,6,Friday
1071,2017-01-07,2017,1,1,7,Saturday
1072,2017-01-08,2017,1,1,8,Sunday
1073,2017-01-09,2017,1,1,9,Monday
1074,2017-01-10,2017,1,1,10,Tuesday
1075,2017-01-11,2017,1,1,11,Wednesday
1076,2017-01-12,2017,1,1,12,Thursday
1077,2017-01-13,2017,1,1,13,Friday
1078,2017-01-14,2017,1,1,14,Saturday
1079,2017-01-15,2017,1,1,15,Sunday
1080,2017-01-16,2017,1,1,16,Monday
1081,2017-01-17,2017,1,1,17,Tuesday
1082,2017-01-18,2017,1,1,18,Wednesday
1083,2017-01-19,2017,1,1,19,Thursday
1084,2017-01-20,2017,1,1,20,Friday
1085,2017-01-21,2017,1,1,21,Saturday
1086,2017-01-22,2017,1,1,22,Sunday
1087,2017-01-23,2017,1,1,23,Monday
1088,2017-01-24,2017,1,1,24,Tuesday
1089,2017-01-25,2017,1,1,25,Wednesday
1090,2017-01-26,2017,1,1,26,Thursday
1091,2017-01-27,2017,1,1,27,Friday
1092,2017-01-28,2017,1,1,28,Saturday
1093,2017-01-29,2017,1,1,29,Sunday
1094,2017-01-30,2017,1,1,30,Monday
1095,2017-01-31,2017,1,1,31,Tuesday
1096,2017-02-01,2017,1,2,1,Wednesday
1097,2017-02-02,2017,1,2,2,Thursday
1098,2017-02-03,2017,1,2,3,Friday
1099,2017-02-04,2017,1,2,4,Saturday
1100,2017-02-05,2017,1,2,5,Sunday
1101,2017-02-06,2017,1,2,6,Monday
1102,2017-02-07,2017,1,2,7,Tuesday
1103,2017-02-08,2017,1,2,8,Wednesday
1104,2017-02-09,2017,1,2,9,Thursday
1105,2017-02-10,2017,1,2,10,Friday
1106,2017-02-11,2017,1,2,11,Saturday
1107,2017-02-12,2017,1,2,12,Sunday
1108,2017-02-13,2017,1,2,13,Monday
1109,2017-02-14,2017,1,2,14,Tuesday
1110,2017-02-15,2017,1,2,15,Wednesday
1111,2017-02-16,2017,1,2,16,Thursday
1112,2017-02-17,2017,1,2,17,Friday
1113,2017-02-18,2017,1,2,18,Saturday
1114,2017-02-19,2017,1,2,19,Sunday
1115,2017-02-20,2017,1,2,20,Monday
1116,2017-02-21,2017,1,2,21,Tuesday
1117,2017-02-22,2017,1,2,22,Wednesday
1118,2017-02-23,2017,1,2,23,Thursday
1119,2017-02-24,2017,1,2,24,Friday
1120,2017-02-25,2017,1,2,25,Saturday
1121,2017-02-26,2017,1,2,26,Sunday
1122,2017-02-27,2017,1,2,27,Monday
1123,2017-02-28,2017,1,2,28,Tuesday
1124,2017-03-01,2017,1,3,1,Wednesday
1125,2017-03-02,2017,1,3,2,Thursday
1126,2017-03-03,2017,1,3,3,Friday
1127,2017-03-04,2017,1,3,4,Saturday
1128,2017-03-05,2017,1,3,5,Sunday
1129,2017-03-06,2017,1,3,6,Monday
1130,2017-03-07,2017,1,3,7,Tuesday
1131,2017-03-08,2017,1,3,8,Wednesday
1132,2017-03-09,2017,1,3,9,Thursday
1133,2017-03-10,2017,1,3,10,Friday
1134,2017-03-11,2017,1,3,11,Saturday
1135,2017-03-12,2017,1,3,12,Sunday
1136,2017-03-13,2017,1,3,13,Monday
1137,2017-03-14,2017,1,3,14,Tuesday
1138,2017-03-15,2017,1,3,15,Wednesday
1139,2017-03-16,2017,1,3,16,Thursday
1140,2017-03-17,2017,1,3,17,Friday
1141,2017-03-18,2017,1,3,18,Saturday
1142,2017-03-19,2017,1,3,19,Sunday
1143,2017-03-20,2017,1,3,20,Monday
1144,2017-03-21,2017,1,3,21,Tuesday
1145,2017-03-22,2017,1,3,22,Wednesday
1146,2017-03-23,2017,1,3,23,Thursday
1147,2017-03-24,2017,1,3,24,Friday
1148,2017-03-25,2017,1,3,25,Saturday
1149,2017-03-26,2017,1,3,26,Sunday
1150,2017-03-27,2017,1,3,27,Monday
1151,2017-03-28,2017,1,3,28,Tuesday
1152,2017-03-29,2017,1,3,29,Wednesday
1153,2017-03-30,2017,1,3,30,Thursday
1154,2017-03-31,2017,1,3,31,Friday
1155,2017-04-01,2017,2,4,1,Saturday
1156,2017-04-02,2017,2,4,2,Sunday
1157,2017-04-03,2017,2,4,3,Monday
1158,2017-04-04,2017,2,4,4,Tuesday
1159,2017-04-05,2017,2,4,5,Wednesday
1160,2017-04-06,2017,2,4,6,Thursday
1161,2017-04-07,2017,2,4,7,Friday
1162,2017-04-08,2017,2,4,8,Saturday
1163,2017-04-09,2017,2,4,9,Sunday
1164,2017-04-10,2017,2,4,10,Monday
1165,2017-04-11,2017,2,4,11,Tuesday
1166,2017-04-12,2017,2,4,12,Wednesday
1167,2017-04-13,2017,2,4,13,Thursday
1168,2017-04-14,2017,2,4,14,Friday
1169,2017-04-15,2017,2,4,15,Saturday
1170,2017-04-16,2017,2,4,16,Sunday
1171,2017-04-17,2017,2,4,17,Monday
1172,2017-04-18,2017,2,4,18,Tuesday
1173,2017-04-19,2017,2,4,19,Wednesday
1174,2017-04-20,2017,2,4,20,Thursday
1175,2017-04-21,2017,2,4,21,Friday
1176,2017-04-22,2017,2,4,22,Saturday
1177,2017-04-23,2017,2,4,23,Sunday
1178,2017-04-24,2017,2,4,24,Monday
1179,2017-04-25,2017,2,4,25,Tuesday
1180,2017-04-26,2017,2,4,26,Wednesday
1181,2017-04-27,2017,2,4,27,Thursday
1182,2017-04-28,2017,2,4,28,Friday
1183,2017-04-29,2017,2,4,29,Saturday
1184,2017-04-30,2017,2,4,30,Sunday
1185,2017-05-01,2017,2,5,1,Monday
1186,2017-05-02,2017,2,5,2,Tuesday
1187,2017-05-03,2017,2,5,3,Wednesday
1188,2017-05-04,2017,2,5,4,Thursday
1189,2017-05-05,2017,2,5,5,Friday
1190,2017-05-06,2017,2,5,6,Saturday
1191,2017-05-07,2017,2,5,7,Sunday
1192,2017-05-08,2017,2,5,8,Monday
1193,2017-05-09,2017,2,5,9,Tuesday
1194,2017-05-10,2017,2,5,10,Wednesday
1195,2017-05-11,2017,2,5,11,Thursday
1196,2017-05-12,2017,2,5,12,Friday
1197,2017-05-13,2017,2,5,13,Saturday
1198,2017-05-14,2017,2,5,14,Sunday
1199,2017-05-15,2017,2,5,15,Monday
1200,2017-05-16,2017,2,5,16,Tuesday
1201,2017-05-17,2017,2,5,17,Wednesday
1202,2017-05-18,2017,2,5,18,Thursday
1203,2017-05-19,2017,2,5,19,Friday
1204,2017-05-20,2017,2,5,20,Saturday
1205,2017-05-21,2017,2,5,21,Sunday
1206,2017-05-22,2017,2,5,22,Monday
1207,2017-05-23,2017,2,5,23,Tuesday
1208,2017-05-24,2017,2,5,24,Wednesday
1209,2017-05-25,2017,2,5,25,Thursday
1210,2017-05-26,2017,2,5,26,Friday
1211,2017-05-27,2017,2,5,27,Saturday
1212,2017-05-28,2017,2,5,28,Sunday
1213,2017-05-29,2017,2,5,29,Monday
1214,2017-05-30,2017,2,5,30,Tuesday
1215,2017-05-31,2017,2,5,31,Wednesday
1216,2017-06-01,2017,2,6,1,Thursday
1217,2017-06-02,2017,2,6,2,Friday
1218,2017-06-03,2017,2,6,3,Saturday
1219,2017-06-04,2017,2,6,4,Sunday
1220,2017-06-05,2017,2,6,5,Monday
1221,2017-06-06,2017,2,6,6,Tuesday
1222,2017-06-07,2017,2,6,7,Wednesday
1223,2017-06-08,2017,2,6,8,Thursday
1224,2017-06-09,2017,2,6,9,Friday
1225,2017-06-10,2017,2,6,10,Saturday
1226,2017-06-11,2017,2,6,11,Sunday
1227,2017-06-12,2017,2,6,12,Monday
1228,2017-06-13,2017,2,6,13,Tuesday
1229,2017-06-14,2017,2,6,14,Wednesday
1230,2017-06-15,2017,2,6,15,Thursday
1231,2017-06-16,2017,2,6,16,Friday
1232,2017-06-17,2017,2,6,17,Saturday
1233,2017-06-18,2017,2,6,18,Sunday
1234,2017-06-19,2017,2,6,19,Monday
1235,2017-06-20,2017,2,6,20,Tuesday
1236,2017-06-21,2017,2,6,21,Wednesday
1237,2017-06-22,2017,2,6,22,Thursday
1238,2017-06-23,2017,2,6,23,Friday
1239,2017-06-24,2017,2,6,24,Saturday
1240,2017-06-25,2017,2,6,25,Sunday
1241,2017-06-26,2017,2,6,26,Monday
1242,2017-06-27,2017,2,6,27,Tuesday
1243,2017-06-28,2017,2,6,28,Wednesday
1244,2017-06-29,2017,2,6,29,Thursday
1245,2017-06-30,2017,2,6,30,Friday
1246,2017-07-01,2017,3,7,1,Saturday
1247,2017-07-02,2017,3,7,2,Sunday
1248,2017-07-03,2017,3,7,3,Monday
1249,2017-07-04,2017,3,7,4,Tuesday
1250,2017-07-05,2017,3,7,5,Wednesday
1251,2017-07-06,2017,3,7,6,Thursday
1252,2017-07-07,2017,3,7,7,Friday
1253,2017-07-08,2017,3,7,8,Saturday
1254,2017-07-09,2017,3,7,9,Sunday
1255,2017-07-10,2017,3,7,10,Monday
1256,2017-07-11,2017,3,7,11,Tuesday
1257,2017-07-12,2017,3,7,12,Wednesday
1258,2017-07-13,2017,3,7,13,Thursday
1259,2017-07-14,2017,3,7,14,Friday
1260,2017-07-15,2017,3,7,15,Saturday
1261,2017-07-16,2017,3,7,16,Sunday
1262,2017-07-17,2017,3,7,17,Monday
1263,2017-07-18,2017,3,7,18,Tuesday
1264,2017-07-19,2017,3,7,19,Wednesday
1265,2017-07-20,2017,3,7,20,Thursday
1266,2017-07-21,2017,3,7,21,Friday
1267,2017-07-22,2017,3,7,22,Saturday
1268,2017-07-23,2017,3,7,23,Sunday
1269,2017-07-24,2017,3,7,24,Monday
1270,2017-07-25,2017,3,7,25,Tuesday
1271,2017-07-26,2017,3,7,26,Wednesday
1272,2017-07-27,2017,3,7,27,Thursday
1273,2017-07-28,2017,3,7,28,Friday
1274,2017-07-29,2017,3,7,29,Saturday
1275,2017-07-30,2017,3,7,30,Sunday
1276,2017-07-31,2017,3,7,31,Monday
1277,2017-08-01,2017,3,8,1,Tuesday
1278,2017-08-02,2017,3,8,2,Wednesday
1279,2017-08-03,2017,3,8,3,Thursday
1280,2017-08-04,2017,3,8,4,Friday
1281,2017-08-05,2017,3,8,5,Saturday
1282,2017-08-06,2017,3,8,6,Sunday
1283,2017-08-07,2017,3,8,7,Monday
1284,2017-08-08,2017,3,8,8,Tuesday
1285,2017-08-09,2017,3,8,9,Wednesday
1286,2017-08-10,2017,3,8,10,Thursday
1287,2017-08-11,2017,3,8,11,Friday
1288,2017-08-12,2017,3,8,12,Saturday
1289,2017-08-13,2017,3,8,13,Sunday
1290,2017-08-14,2017,3,8,14,Monday
1291,2017-08-15,2017,3,8,15,Tuesday
1292,2017-08-16,2017,3,8,16,Wednesday
1293,2017-08-17,2017,3,8,17,Thursday
1294,2017-08-18,2017,3,8,18,Friday
1295,2017-08-19,2017,3,8,19,Saturday
1296,2017-08-20,2017,3,8,20,Sunday
1297,2017-08-21,2017,3,8,21,Monday
1298,2017-08-22,2017,3,8,22,Tuesday
1299,2017-08-23,2017,3,8,23,Wednesday
1300,2017-08-24,2017,3,8,24,Thursday
1301,2017-08-25,2017,3,8,25,Friday
1302,2017-08-26,2017,3,8,26,Saturday
1303,2017-08-27,2017,3,8,27,Sunday
1304,2017-08-28,2017,3,8,28,Monday
1305,2017-08-29,2017,3,8,29,Tuesday
1306,2017-08-30,2017,3,8,30,Wednesday
1307,2017-08-31,2017,3,8,31,Thursday
1308,2017-09-01,2017,3,9,1,Friday
1309,2017-09-02,2017,3,9,2,Saturday
1310,2017-09-03,2017,3,9,3,Sunday
1311,2017-09-04,2017,3,9,4,Monday
1312,2017-09-05,2017,3,9,5,Tuesday
1313,2017-09-06,2017,3,9,6,Wednesday
1314,2017-09-07,2017,3,9,7,Thursday
1315,2017-09-08,2017,3,9,8,Friday
1316,2017-09-09,2017,3,9,9,Saturday
1317,2017-09-10,2017,3,9,10,Sunday
1318,2017-09-11,2017,3,9,11,Monday
1319,2017-09-12,2017,3,9,12,Tuesday
1320,2017-09-13,2017,3,9,13,Wednesday
1321,2017-09-14,2017,3,9,14,Thursday
1322,2017-09-15,2017,3,9,15,Friday
1323,2017-09-16,2017,3,9,16,Saturday
1324,2017-09-17,2017,3,9,17,Sunday
1325,2017-09-18,2017,3,9,18,Monday
1326,2017-09-19,2017,3,9,19,Tuesday
1327,2017-09-20,2017,3,9,20,Wednesday
1328,2017-09-21,2017,3,9,21,Thursday
1329,2017-09-22,2017,3,9,22,Friday
1330,2017-09-23,2017,3,9,23,Saturday
1331,2017-09-24,2017,3,9,24,Sunday
1332,2017-09-25,2017,3,9,25,Monday
1333,2017-09-26,2017,3,9,26,Tuesday
1334,2017-09-27,2017,3,9,27,Wednesday
1335,2017-09-28,2017,3,9,28,Thursday
1336,2017-09-29,2017,3,9,29,Friday
1337,2017-09-30,2017,3,9,30,Saturday
1338,2017-10-01,2017,4,10,1,Sunday
1339,2017-10-02,2017,4,10,2,Monday
1340,2017-10-03,2017,4,10,3,Tuesday
1341,2017-10-04,2017,4,10,4,Wednesday
1342,2017-10-05,2017,4,10,5,Thursday
1343,2017-10-06,2017,4,10,6,Friday
1344,2017-10-07,2017,4,10,7,Saturday
1345,2017-10-08,2017,4,10,8,Sunday
1346,2017-10-09,2017,4,10,9,Monday
1347,2017-10-10,2017,4,10,10,Tuesday
1348,2017-10-11,2017,4,10,11,Wednesday
1349,2017-10-12,2017,4,10,12,Thursday
1350,2017-10-13,2017,4,10,13,Friday
1351,2017-10-14,2017,4,10,14,Saturday
1352,2017-10-15,2017,4,10,15,Sunday
1353,2017-10-16,2017,4,10,16,Monday
1354,2017-10-17,2017,4,10,17,Tuesday
1355,2017-10-18,2017,4,10,18,Wednesday
1356,2017-10-19,2017,4,10,19,Thursday
1357,2017-10-20,2017,4,10,20,Friday
1358,2017-10-21,2017,4,10,21,Saturday
1359,2017-10-22,2017,4,10,22,Sunday
1360,2017-10-23,2017,4,10,23,Monday
1361,2017-10-24,2017,4,10,24,Tuesday
1362,2017-10-25,2017,4,10,25,Wednesday
1363,2017-10-26,2017,4,10,26,Thursday
1364,2017-10-27,2017,4,10,27,Friday
1365,2017-10-28,2017,4,10,28,Saturday
1366,2017-10-29,2017,4,10,29,Sunday
1367,2017-10-30,2017,4,10,30,Monday
1368,2017-10-31,2017,4,10,31,Tuesday
1369,2017-11-01,2017,4,11,1,Wednesday
1370,2017-11-02,2017,4,11,2,Thursday
1371,2017-11-03,2017,4,11,3,Friday
1372,2017-11-04,2017,4,11,4,Saturday
1373,2017-11-05,2017,4,11,5,Sunday
1374,2017-11-06,2017,4,11,6,Monday
1375,2017-11-07,2017,4,11,7,Tuesday
1376,2017-11-08,2017,4,11,8,Wednesday
1377,2017-11-09,2017,4,11,9,Thursday
1378,2017-11-10,2017,4,11,10,Friday
1379,2017-11-11,2017,4,11,11,Saturday
1380,2017-11-12,2017,4,11,12,Sunday
1381,2017-11-13,2017,4,11,13,Monday
1382,2017-11-14,2017,4,11,14,Tuesday
1383,2017-11-15,2017,4,11,15,Wednesday
1384,2017-11-16,2017,4,11,16,Thursday
1385,2017-11-17,2017,4,11,17,Friday
1386,2017-11-18,2017,4,11,18,Saturday
1387,2017-11-19,2017,4,11,19,Sunday
1388,2017-11-20,2017,4,11,20,Monday
1389,2017-11-21,2017,4,11,21,Tuesday
1390,2017-11-22,2017,4,11,22,Wednesday
1391,2017-11-23,2017,4,11,23,Thursday
1392,2017-11-24,2017,4,11,24,Friday
1393,2017-11-25,2017,4,11,25,Saturday
1394,2017-11-26,2017,4,11,26,Sunday
1395,2017-11-27,2017,4,11,27,Monday
1396,2017-11-28,2017,4,11,28,Tuesday
1397,2017-11-29,2017,4,11,29,Wednesday
1398,2017-11-30,2017,4,11,30,Thursday
1399,2017-12-01,2017,4,12,1,Friday
1400,2017-12-02,2017,4,12,2,Saturday
1401,2017-12-03,2017,4,12,3,Sunday
1402,2017-12-04,2017,4,12,4,Monday
1403,2017-12-05,2017,4,12,5,Tuesday
1404,2017-12-06,2017,4,12,6,Wednesday
1405,2017-12-07,2017,4,12,7,Thursday
1406,2017-12-08,2017,4,12,8,Friday
1407,2017-12-09,2017,4,12,9,Saturday
1408,2017-12-10,2017,4,12,10,Sunday
1409,2017-12-11,2017,4,12,11,Monday
1410,2017-12-12,2017,4,12,12,Tuesday
1411,2017-12-13,2017,4,12,13,Wednesday
1412,2017-12-14,2017,4,12,14,Thursday
1413,2017-12-15,2017,4,12,15,Friday
1414,2017-12-16,2017,4,12,16,Saturday
1415,2017-12-17,2017,4,12,17,Sunday
1416,2017-12-18,2017,4,12,18,Monday
1417,2017-12-19,2017,4,12,19,Tuesday
1418,2017-12-20,2017,4,12,20,Wednesday
1419,2017-12-21,2017,4,12,21,Thursday
1420,2017-12-22,2017,4,12,22,Friday
1421,2017-12-23,2017,4,12,23,Saturday
1422,2017-12-24,2017,4,12,24,Sunday
1423,2017-12-25,2017,4,12,25,Monday
1424,2017-12-26,2017,4,12,26,Tuesday
1425,2017-12-27,2017,4,12,27,Wednesday
1426,2017-12-28,2017,4,12,28,Thursday
1427,2017-12-29,2017,4,12,29,Friday
1428,2017-12-30,2017,4,12,30,Saturday
1429,2017-12-31,2017,4,12,31,Sunday
1430,2018-01-01,2018,1,1,1,Monday
1431,2018-01-02,2018,1,1,2,Tuesday
1432,2018-01-03,2018,1,1,3,Wednesday
1433,2018-01-04,2018,1,1,4,Thursday
1434,2018-01-05,2018,1,1,5,Friday
